,0.05,0.01,0.005
VREP,"[[0.00000000e+00 1.10649318e-03 3.28239799e-03 5.42065501e-03
  7.47859478e-03 9.47120786e-03 1.14151686e-02 1.33263916e-02
  1.52197480e-02 1.71090961e-02 1.90072060e-02 2.09259242e-02
  2.28761435e-02 2.48678625e-02 2.69100964e-02 2.90109515e-02
  3.11776996e-02 3.34167928e-02 3.57338041e-02 3.81335169e-02
  4.06199247e-02 4.31962609e-02 4.58650291e-02 4.86280322e-02
  5.14863282e-02 5.44403195e-02 5.74897379e-02 6.06337339e-02
  6.38707727e-02 6.71988279e-02 7.06152916e-02 7.41169602e-02
  7.77001679e-02 8.13608021e-02 8.50942135e-02 8.88954550e-02
  9.27590281e-02 9.66790915e-02 1.00649521e-01 1.04663819e-01
  1.08715147e-01 1.12796515e-01 1.16900563e-01 1.21019810e-01
  1.25146613e-01 1.29272997e-01 1.33390948e-01 1.37492493e-01
  1.41569391e-01 1.45613566e-01 1.49616376e-01 1.53569803e-01
  1.57465592e-01 1.61295578e-01 1.65051624e-01 1.68725744e-01
  1.72310129e-01 1.75797001e-01 1.79178908e-01 1.82448402e-01
  1.85598388e-01 1.88622013e-01 1.91512719e-01 1.94264069e-01
  1.96870252e-01 1.99325189e-01 2.01623544e-01 2.03760490e-01
  2.05731258e-01 2.07531586e-01 2.09157571e-01 2.10605726e-01
  2.11872980e-01 2.12956652e-01 2.13854447e-01 2.14564547e-01
  2.15085670e-01 2.15416893e-01 2.15557888e-01 2.15508476e-01
  2.15269253e-01 2.14841142e-01 2.14225635e-01 2.13424340e-01
  2.12439671e-01 2.11274222e-01 2.09931180e-01 2.08414182e-01
  2.06727251e-01 2.04874709e-01 2.02861443e-01 2.00692728e-01
  1.98374107e-01 1.95911601e-01 1.93311378e-01 1.90580204e-01
  1.87724963e-01 1.84752986e-01 1.81671843e-01 1.78489253e-01
  1.75213382e-01 1.71852455e-01 1.68414965e-01 1.64909765e-01
  1.61345556e-01 1.57731310e-01 1.54076234e-01 1.50389418e-01
  1.46680191e-01 1.42957881e-01 1.39232025e-01 1.35511801e-01
  1.31806597e-01 1.28125727e-01 1.24478489e-01 1.20873988e-01
  1.17321298e-01 1.13829345e-01 1.10406891e-01 1.07062548e-01
  1.03804693e-01 1.00641564e-01 9.75810587e-02 9.46308523e-02
  9.17984098e-02 8.90907496e-02 8.65146667e-02 8.40766579e-02
  8.17828476e-02 7.96389878e-02 7.76504278e-02 7.58222044e-02
  7.41588324e-02 7.26645440e-02 7.13430941e-02 7.01977611e-02
  6.92314506e-02 6.84465915e-02 6.78450912e-02 6.74285591e-02
  6.71979636e-02 6.71539754e-02 6.72966540e-02 6.76255971e-02
  6.81401938e-02 6.88390285e-02 6.97204173e-02 7.07821399e-02
  7.20215589e-02 7.34355599e-02 7.50206262e-02 7.67727643e-02
  7.86876380e-02 8.07604641e-02 8.29861313e-02 8.53589624e-02
  8.78730714e-02 9.05221999e-02 9.32997167e-02 9.61987376e-02
  9.92118865e-02 1.02331787e-01 1.05550587e-01 1.08860254e-01
  1.12252489e-01 1.15718767e-01 1.19250521e-01 1.22838885e-01
  1.26474917e-01 1.30149499e-01 1.33853689e-01 1.37577847e-01
  1.41312823e-01 1.45049199e-01 1.48777708e-01 1.52489111e-01
  1.56174079e-01 1.59823313e-01 1.63427845e-01 1.66978523e-01
  1.70466587e-01 1.73883185e-01 1.77219883e-01 1.80468306e-01
  1.83620408e-01 1.86668232e-01 1.89604118e-01 1.92420885e-01
  1.95111468e-01 1.97669044e-01 2.00087294e-01 2.02359751e-01
  2.04481438e-01 2.06446752e-01 2.08250776e-01 2.09889069e-01
  2.11357459e-01 2.12652251e-01 2.13770315e-01 2.14708790e-01
  2.15465263e-01 2.16037914e-01 2.16425344e-01 2.16626510e-01
  2.16640905e-01 2.16468588e-01 2.16109917e-01 2.15565756e-01
  2.14837566e-01 2.13927105e-01 2.12836638e-01 2.11568907e-01
  2.10127160e-01 2.08514884e-01 2.06736192e-01 2.04795435e-01
  2.02697501e-01 2.00447425e-01 1.98051348e-01 1.95514962e-01
  1.92844614e-01 1.90046921e-01 1.87128887e-01 1.84097901e-01
  1.80961445e-01 1.77727386e-01 1.74403861e-01 1.70999065e-01
  1.67521670e-01 1.63980260e-01 1.60383716e-01 1.56740919e-01
  1.53061107e-01 1.49353400e-01 1.45627096e-01 1.41891494e-01
  1.38156071e-01 1.34429976e-01 1.30722567e-01 1.27043128e-01]
 [0.00000000e+00 4.76849671e-11 6.37615231e-05 3.16025253e-04
  8.57207342e-04 1.74013933e-03 2.97892373e-03 4.56646504e-03
  6.48867991e-03 8.73215869e-03 1.12864543e-02 1.41435713e-02
  1.72965657e-02 2.07383521e-02 2.44610813e-02 2.84558646e-02
  3.27128693e-02 3.72214653e-02 4.19703387e-02 4.69475500e-02
  5.21406345e-02 5.75365946e-02 6.31219149e-02 6.88826218e-02
  7.48043433e-02 8.08722377e-02 8.70711803e-02 9.33857262e-02
  9.98000503e-02 1.06298164e-01 1.12863816e-01 1.19480588e-01
  1.26131877e-01 1.32801086e-01 1.39471501e-01 1.46126404e-01
  1.52749255e-01 1.59323543e-01 1.65832728e-01 1.72260702e-01
  1.78591460e-01 1.84809163e-01 1.90897986e-01 1.96842819e-01
  2.02628687e-01 2.08241299e-01 2.13666812e-01 2.18891487e-01
  2.23902225e-01 2.28686586e-01 2.33232543e-01 2.37528682e-01
  2.41564229e-01 2.45329186e-01 2.48814106e-01 2.52010345e-01
  2.54909873e-01 2.57505298e-01 2.59790152e-01 2.61759043e-01
  2.63406664e-01 2.64729142e-01 2.65723467e-01 2.66387016e-01
  2.66717851e-01 2.66715199e-01 2.66379148e-01 2.65710711e-01
  2.64711320e-01 2.63383418e-01 2.61730343e-01 2.59756118e-01
  2.57465929e-01 2.54865468e-01 2.51961201e-01 2.48760194e-01
  2.45270461e-01 2.41500899e-01 2.37460926e-01 2.33160645e-01
  2.28610858e-01 2.23822922e-01 2.18808711e-01 2.13580713e-01
  2.08152041e-01 2.02536210e-01 1.96747333e-01 1.90799877e-01
  1.84708744e-01 1.78489208e-01 1.72156721e-01 1.65727153e-01
  1.59216553e-01 1.52641207e-01 1.46017447e-01 1.39361933e-01
  1.32691428e-01 1.26022473e-01 1.19371720e-01 1.12755798e-01
  1.06191106e-01 9.96941626e-02 9.32812244e-02 8.69683996e-02
  8.07714686e-02 7.47058913e-02 6.87867776e-02 6.30289316e-02
  5.74467815e-02 5.20542935e-02 4.68648858e-02 4.18914966e-02
  3.71465497e-02 3.26419398e-02 2.83889640e-02 2.43982505e-02
  2.06797812e-02 1.72428302e-02 1.40959630e-02 1.12470258e-02
  8.70315451e-03 6.47073146e-03 4.55535529e-03 2.96181417e-03
  1.69409532e-03 7.55341025e-04 1.47894621e-04 8.63877576e-05
  5.00449096e-04 1.17994891e-03 2.05865828e-03 3.16022569e-03
  4.53195814e-03 6.21081190e-03 8.21416453e-03 1.05434638e-02
  1.31912511e-02 1.61468592e-02 1.93994530e-02 2.29389705e-02
  2.67559197e-02 3.08408625e-02 3.51839177e-02 3.97745259e-02
  4.46013547e-02 4.96524461e-02 5.49151376e-02 6.03762604e-02
  6.60221353e-02 7.18386173e-02 7.78110921e-02 8.39247182e-02
  9.01642218e-02 9.65140611e-02 1.02958336e-01 1.09480932e-01
  1.16065525e-01 1.22695714e-01 1.29354924e-01 1.36026472e-01
  1.42693758e-01 1.49340093e-01 1.55948728e-01 1.62503079e-01
  1.68986902e-01 1.75383970e-01 1.81678310e-01 1.87854171e-01
  1.93895996e-01 1.99788868e-01 2.05518052e-01 2.11069271e-01
  2.16428638e-01 2.21582681e-01 2.26518556e-01 2.31223896e-01
  2.35687017e-01 2.39896744e-01 2.43842483e-01 2.47514397e-01
  2.50903249e-01 2.54000545e-01 2.56798565e-01 2.59290248e-01
  2.61469424e-01 2.63330847e-01 2.64869809e-01 2.66082287e-01
  2.66965330e-01 2.67516762e-01 2.67735183e-01 2.67619997e-01
  2.67171502e-01 2.66390890e-01 2.65280306e-01 2.63842583e-01
  2.62081295e-01 2.60000676e-01 2.57605761e-01 2.54902512e-01
  2.51897931e-01 2.48599365e-01 2.45014921e-01 2.41153419e-01
  2.37024769e-01 2.32639343e-01 2.28008121e-01 2.23142609e-01
  2.18054950e-01 2.12757900e-01 2.07264841e-01 2.01589435e-01
  1.95745796e-01 1.89748436e-01 1.83612406e-01 1.77353084e-01
  1.70986205e-01 1.64527670e-01 1.57993451e-01 1.51400030e-01
  1.44763917e-01 1.38101652e-01 1.31429881e-01 1.24765299e-01
  1.18124552e-01 1.11524224e-01 1.04980730e-01 9.85104516e-02
  9.21295658e-02 8.58540833e-02 7.96996802e-02 7.36817494e-02
  6.78152740e-02 6.21149056e-02 5.65949231e-02 5.12691401e-02
  4.61508520e-02 4.12528403e-02 3.65873948e-02 3.21661830e-02]
 [0.00000000e+00 4.79494593e-05 3.54202988e-04 1.24024146e-03
  2.86200410e-03 5.05227782e-03 7.48347631e-03 9.99060553e-03
  1.27305407e-02 1.60185341e-02 2.00052951e-02 2.45176684e-02
  2.92222984e-02 3.39485370e-02 3.88477556e-02 4.42297943e-02
  5.02400473e-02 5.67002855e-02 6.32723272e-02 6.97808713e-02
  7.63729513e-02 8.33542570e-02 9.08660814e-02 9.87261534e-02
  1.06592722e-01 1.14287645e-01 1.21955000e-01 1.29897445e-01
  1.38254002e-01 1.46840438e-01 1.55313298e-01 1.63492814e-01
  1.71521544e-01 1.79701358e-01 1.88170746e-01 1.96745232e-01
  2.05081329e-01 2.12999612e-01 2.20643759e-01 2.28316978e-01
  2.36158550e-01 2.43984610e-01 2.51453459e-01 2.58388251e-01
  2.64935434e-01 2.71401286e-01 2.77927935e-01 2.84334660e-01
  2.90284336e-01 2.95603812e-01 3.00442040e-01 3.05108756e-01
  3.09751302e-01 3.14195842e-01 3.18109304e-01 3.21322232e-01
  3.23988765e-01 3.26424330e-01 3.28783244e-01 3.30897242e-01
  3.32439393e-01 3.33246201e-01 3.33476335e-01 3.33448946e-01
  3.33325177e-01 3.32946688e-01 3.31992418e-01 3.30303371e-01
  3.28045100e-01 3.25544953e-01 3.22969168e-01 3.20162833e-01
  3.16811889e-01 3.12765270e-01 3.08193624e-01 3.03429186e-01
  2.98644453e-01 2.93690324e-01 2.88257480e-01 2.82199055e-01
  2.75691271e-01 2.69072354e-01 2.62519956e-01 2.55887747e-01
  2.48870075e-01 2.41325632e-01 2.33436033e-01 2.25542620e-01
  2.17823878e-01 2.10136458e-01 2.02177584e-01 1.93808228e-01
  1.85212374e-01 1.76733226e-01 1.68550745e-01 1.60522446e-01
  1.52346641e-01 1.43885002e-01 1.35321349e-01 1.26998797e-01
  1.19097926e-01 1.11475319e-01 1.03827707e-01 9.60153043e-02
  8.82207006e-02 8.07854161e-02 7.38868639e-02 6.73791468e-02
  6.09566346e-02 5.44765741e-02 4.81182523e-02 4.22194786e-02
  3.69538367e-02 3.21713611e-02 2.75620483e-02 2.29786206e-02
  1.85957551e-02 1.47463409e-02 1.15987044e-02 8.99749715e-03
  6.62732124e-03 4.33537457e-03 2.29019625e-03 8.18888249e-04
  8.45331160e-05 1.46608043e-04 5.48672862e-04 8.89389834e-04
  1.18046813e-03 1.89880421e-03 3.50763649e-03 5.99039998e-03
  8.86326469e-03 1.16540492e-02 1.43686822e-02 1.74783431e-02
  2.14395262e-02 2.62286682e-02 3.13562974e-02 3.63460146e-02
  4.11985815e-02 4.63786460e-02 5.23376428e-02 5.90482056e-02
  6.60163090e-02 7.27595910e-02 7.92737454e-02 8.60199332e-02
  9.34461281e-02 1.01521239e-01 1.09748147e-01 1.17641434e-01
  1.25193089e-01 1.32861108e-01 1.41091511e-01 1.49852231e-01
  1.58644348e-01 1.66980848e-01 1.74852550e-01 1.82716355e-01
  1.91017911e-01 1.99725181e-01 2.08339661e-01 2.16374010e-01
  2.23819196e-01 2.31133491e-01 2.38765150e-01 2.46684268e-01
  2.54393280e-01 2.61406422e-01 2.67716795e-01 2.73787141e-01
  2.80069113e-01 2.86535263e-01 2.92691141e-01 2.98054576e-01
  3.02624166e-01 3.06867540e-01 3.11241567e-01 3.15722674e-01
  3.19818407e-01 3.23051184e-01 3.25427473e-01 3.27422112e-01
  3.29497516e-01 3.31632078e-01 3.33339334e-01 3.34152013e-01
  3.34084064e-01 3.33613664e-01 3.33205611e-01 3.32846969e-01
  3.32059741e-01 3.30380410e-01 3.27827543e-01 3.24888319e-01
  3.22034866e-01 3.19259137e-01 3.16087037e-01 3.12062085e-01
  3.07210684e-01 3.02025557e-01 2.96983033e-01 2.92079449e-01
  2.86847025e-01 2.80835003e-01 2.74074852e-01 2.67064214e-01
  2.60284632e-01 2.53735512e-01 2.46952221e-01 2.39488691e-01
  2.31381178e-01 2.23130852e-01 2.15221405e-01 2.07654834e-01
  1.99968874e-01 1.91719487e-01 1.82945296e-01 1.74149677e-01
  1.65817678e-01 1.57952026e-01 1.50091454e-01 1.41792685e-01
  1.33093551e-01 1.24496832e-01 1.16487645e-01 1.09068692e-01
  1.01777501e-01 9.41684470e-02 8.62779543e-02 7.86070973e-02
  7.16386363e-02 6.53724447e-02 5.93429171e-02 5.31014539e-02
  4.66813892e-02 4.05799858e-02 3.52759846e-02 3.07650231e-02]]","[[ 0.00000000e+00  4.78029251e-05  1.34564936e-04 ...  9.33418423e-02
   9.26339626e-02  9.19276774e-02]
 [ 0.00000000e+00 -7.97623301e-10  5.53855898e-07 ...  3.36653329e-02
   3.27984765e-02  3.19416821e-02]
 [ 0.00000000e+00  1.94688414e-06  7.65544246e-06 ...  3.26642953e-02
   3.16817351e-02  3.07126716e-02]]","[[0.00000000e+00 1.31130219e-05 3.47122550e-05 ... 8.82449448e-02
  8.78932029e-02 8.75419080e-02]
 [0.00000000e+00 1.26730919e-08 9.01768544e-08 ... 3.28815654e-02
  3.24523821e-02 3.20257246e-02]
 [0.00000000e+00 5.18971376e-07 1.76758647e-06 ... 3.17110345e-02
  3.12249940e-02 3.07423435e-02]]"
ImplEuler,"[[1.22899597e-05 4.85246959e-05 1.19724478e-04 2.36275745e-04
  4.07932022e-04 6.43815090e-04 9.52416485e-04 1.34159937e-03
  1.81860085e-03 2.39003477e-03 3.06189503e-03 3.83955949e-03
  4.72779448e-03 5.73075997e-03 6.85201538e-03 8.09452612e-03
  9.46067086e-03 1.09522495e-02 1.25704921e-02 1.43160680e-02
  1.61890967e-02 1.81891586e-02 2.03153070e-02 2.25660806e-02
  2.49395174e-02 2.74331682e-02 3.00441125e-02 3.27689734e-02
  3.56039344e-02 3.85447569e-02 4.15867971e-02 4.47250256e-02
  4.79540458e-02 5.12681137e-02 5.46611584e-02 5.81268028e-02
  6.16583848e-02 6.52489792e-02 6.88914196e-02 7.25783214e-02
  7.63021041e-02 8.00550144e-02 8.38291502e-02 8.76164834e-02
  9.14088837e-02 9.51981427e-02 9.89759971e-02 1.02734153e-01
  1.06464309e-01 1.10158180e-01 1.13807520e-01 1.17404147e-01
  1.20939965e-01 1.24406982e-01 1.27797342e-01 1.31103337e-01
  1.34317434e-01 1.37432291e-01 1.40440785e-01 1.43336021e-01
  1.46111360e-01 1.48760432e-01 1.51277154e-01 1.53655748e-01
  1.55890757e-01 1.57977058e-01 1.59909876e-01 1.61684800e-01
  1.63297791e-01 1.64745196e-01 1.66023758e-01 1.67130624e-01
  1.68063352e-01 1.68819920e-01 1.69398732e-01 1.69798621e-01
  1.70018854e-01 1.70059133e-01 1.69919598e-01 1.69600826e-01
  1.69103832e-01 1.68430064e-01 1.67581404e-01 1.66560159e-01
  1.65369060e-01 1.64011253e-01 1.62490293e-01 1.60810133e-01
  1.58975119e-01 1.56989975e-01 1.54859795e-01 1.52590027e-01
  1.50186464e-01 1.47655227e-01 1.45002748e-01 1.42235761e-01
  1.39361279e-01 1.36386577e-01 1.33319180e-01 1.30166837e-01
  1.26937508e-01 1.23639338e-01 1.20280645e-01 1.16869889e-01
  1.13415663e-01 1.09926661e-01 1.06411661e-01 1.02879507e-01
  9.93390791e-02 9.57992770e-02 9.22689963e-02 8.87571064e-02
  8.52724287e-02 8.18237140e-02 7.84196216e-02 7.50686972e-02
  7.17793516e-02 6.85598403e-02 6.54182422e-02 6.23624403e-02
  5.94001013e-02 5.65386570e-02 5.37852858e-02 5.11468944e-02
  4.86301012e-02 4.62412192e-02 4.39862409e-02 4.18708228e-02
  3.99002716e-02 3.80795312e-02 3.64131699e-02 3.49053693e-02
  3.35599139e-02 3.23801817e-02 3.13691357e-02 3.05293166e-02
  2.98628363e-02 2.93713731e-02 2.90561669e-02 2.89180167e-02
  2.89572785e-02 2.91738640e-02 2.95672414e-02 3.01364367e-02
  3.08800357e-02 3.17961880e-02 3.28826115e-02 3.41365982e-02
  3.55550207e-02 3.71343405e-02 3.88706164e-02 4.07595147e-02
  4.27963199e-02 4.49759466e-02 4.72929520e-02 4.97415497e-02
  5.23156243e-02 5.50087464e-02 5.78141888e-02 6.07249435e-02
  6.37337388e-02 6.68330582e-02 7.00151582e-02 7.32720888e-02
  7.65957123e-02 7.99777244e-02 8.34096748e-02 8.68829879e-02
  9.03889850e-02 9.39189054e-02 9.74639282e-02 1.01015195e-01
  1.04563832e-01 1.08100971e-01 1.11617773e-01 1.15105449e-01
  1.18555285e-01 1.21958658e-01 1.25307064e-01 1.28592135e-01
  1.31805661e-01 1.34939612e-01 1.37986155e-01 1.40937678e-01
  1.43786803e-01 1.46526411e-01 1.49149655e-01 1.51649979e-01
  1.54021135e-01 1.56257197e-01 1.58352577e-01 1.60302038e-01
  1.62100708e-01 1.63744093e-01 1.65228086e-01 1.66548977e-01
  1.67703466e-01 1.68688669e-01 1.69502122e-01 1.70141794e-01
  1.70606086e-01 1.70893838e-01 1.71004332e-01 1.70937291e-01
  1.70692883e-01 1.70271720e-01 1.69674856e-01 1.68903781e-01
  1.67960424e-01 1.66847143e-01 1.65566721e-01 1.64122359e-01
  1.62517666e-01 1.60756655e-01 1.58843727e-01 1.56783663e-01
  1.54581614e-01 1.52243082e-01 1.49773914e-01 1.47180281e-01
  1.44468666e-01 1.41645848e-01 1.38718881e-01 1.35695082e-01
  1.32582008e-01 1.29387442e-01 1.26119368e-01 1.22785954e-01
  1.19395533e-01 1.15956579e-01 1.12477687e-01 1.08967553e-01
  1.05434952e-01 1.01888711e-01 9.83376962e-02 9.47907824e-02
  9.12568352e-02 8.77446878e-02 8.42631187e-02 8.08208302e-02]
 [9.08712169e-05 3.38474678e-04 7.90255617e-04 1.48004054e-03
  2.43152768e-03 3.66082779e-03 5.17831480e-03 6.98997506e-03
  9.09839259e-03 1.15034700e-02 1.42029575e-02 1.71928439e-02
  2.04676457e-02 2.40206245e-02 2.78439524e-02 3.19288382e-02
  3.62656287e-02 4.08438889e-02 4.56524699e-02 5.06795670e-02
  5.59127708e-02 6.13391141e-02 6.69451165e-02 7.27168256e-02
  7.86398589e-02 8.46994434e-02 9.08804564e-02 9.71674654e-02
  1.03544768e-01 1.09996434e-01 1.16506343e-01 1.23058229e-01
  1.29635719e-01 1.36222375e-01 1.42801735e-01 1.49357357e-01
  1.55872855e-01 1.62331944e-01 1.68718482e-01 1.75016504e-01
  1.81210270e-01 1.87284299e-01 1.93223408e-01 1.99012754e-01
  2.04637866e-01 2.10084684e-01 2.15339595e-01 2.20389462e-01
  2.25221666e-01 2.29824126e-01 2.34185341e-01 2.38294409e-01
  2.42141059e-01 2.45715677e-01 2.49009328e-01 2.52013781e-01
  2.54721524e-01 2.57125791e-01 2.59220571e-01 2.61000630e-01
  2.62461517e-01 2.63599582e-01 2.64411980e-01 2.64896680e-01
  2.65052470e-01 2.64878962e-01 2.64376589e-01 2.63546606e-01
  2.62391089e-01 2.60912925e-01 2.59115809e-01 2.57004233e-01
  2.54583475e-01 2.51859585e-01 2.48839372e-01 2.45530384e-01
  2.41940893e-01 2.38079870e-01 2.33956966e-01 2.29582486e-01
  2.24967363e-01 2.20123134e-01 2.15061906e-01 2.09796329e-01
  2.04339566e-01 1.98705254e-01 1.92907478e-01 1.86960727e-01
  1.80879867e-01 1.74680095e-01 1.68376909e-01 1.61986063e-01
  1.55523530e-01 1.49005464e-01 1.42448156e-01 1.35867997e-01
  1.29281433e-01 1.22704927e-01 1.16154917e-01 1.09647775e-01
  1.03199764e-01 9.68270031e-02 9.05454192e-02 8.43707133e-02
  7.83183190e-02 7.24033642e-02 6.66406332e-02 6.10445297e-02
  5.56290411e-02 5.04077034e-02 4.53935671e-02 4.05991651e-02
  3.60364807e-02 3.17169183e-02 2.76512747e-02 2.38497117e-02
  2.03217313e-02 1.70761516e-02 1.41210849e-02 1.14639173e-02
  9.11129033e-03 7.06908435e-03 5.34240380e-03 3.93556449e-03
  2.85208278e-03 2.09466681e-03 1.66520973e-03 1.56478495e-03
  1.79364348e-03 2.35121330e-03 3.23610078e-03 4.44609415e-03
  5.97816906e-03 7.82849612e-03 9.99245048e-03 1.24646234e-02
  1.52388357e-02 1.83081533e-02 2.16649045e-02 2.53006992e-02
  2.92064498e-02 3.33723939e-02 3.77881189e-02 4.24425878e-02
  4.73241667e-02 5.24206543e-02 5.77193121e-02 6.32068961e-02
  6.88696902e-02 7.46935405e-02 8.06638902e-02 8.67658167e-02
  9.29840683e-02 9.93031026e-02 1.05707125e-01 1.12180130e-01
  1.18705937e-01 1.25268235e-01 1.31850623e-01 1.38436647e-01
  1.45009846e-01 1.51553790e-01 1.58052124e-01 1.64488604e-01
  1.70847142e-01 1.77111846e-01 1.83267057e-01 1.89297390e-01
  1.95187773e-01 2.00923483e-01 2.06490183e-01 2.11873959e-01
  2.17061356e-01 2.22039406e-01 2.26795669e-01 2.31318254e-01
  2.35595859e-01 2.39617791e-01 2.43373998e-01 2.46855092e-01
  2.50052370e-01 2.52957843e-01 2.55564247e-01 2.57865068e-01
  2.59854555e-01 2.61527735e-01 2.62880427e-01 2.63909249e-01
  2.64611630e-01 2.64985814e-01 2.65030866e-01 2.64746673e-01
  2.64133946e-01 2.63194216e-01 2.61929832e-01 2.60343954e-01
  2.58440547e-01 2.56224367e-01 2.53700954e-01 2.50876616e-01
  2.47758411e-01 2.44354133e-01 2.40672292e-01 2.36722090e-01
  2.32513400e-01 2.28056743e-01 2.23363257e-01 2.18444673e-01
  2.13313286e-01 2.07981921e-01 2.02463905e-01 1.96773028e-01
  1.90923516e-01 1.84929989e-01 1.78807428e-01 1.72571136e-01
  1.66236700e-01 1.59819953e-01 1.53336935e-01 1.46803848e-01
  1.40237023e-01 1.33652872e-01 1.27067854e-01 1.20498426e-01
  1.13961010e-01 1.07471945e-01 1.01047450e-01 9.47035841e-02
  8.84562028e-02 8.23209216e-02 7.63130754e-02 7.04476807e-02
  6.47393980e-02 5.92024950e-02 5.38508110e-02 4.86977225e-02
  4.37561095e-02 3.90383234e-02 3.45561564e-02 3.03208114e-02]
 [2.08246539e-04 7.28342377e-04 1.61104918e-03 2.88019146e-03
  4.54561243e-03 6.60965711e-03 9.07042032e-03 1.19233783e-02
  1.51622138e-02 1.87792379e-02 2.27656134e-02 2.71114781e-02
  3.18060205e-02 3.68375320e-02 4.21934493e-02 4.78603917e-02
  5.38241979e-02 6.00699631e-02 6.65820770e-02 7.33442630e-02
  8.03396195e-02 8.75506617e-02 9.49593659e-02 1.02547214e-01
  1.10295241e-01 1.18184080e-01 1.26194014e-01 1.34305021e-01
  1.42496829e-01 1.50748962e-01 1.59040794e-01 1.67351600e-01
  1.75660607e-01 1.83947048e-01 1.92190209e-01 2.00369489e-01
  2.08464442e-01 2.16454835e-01 2.24320697e-01 2.32042368e-01
  2.39600546e-01 2.46976341e-01 2.54151317e-01 2.61107540e-01
  2.67827623e-01 2.74294769e-01 2.80492815e-01 2.86406268e-01
  2.92020347e-01 2.97321021e-01 3.02295040e-01 3.06929971e-01
  3.11214231e-01 3.15137111e-01 3.18688805e-01 3.21860435e-01
  3.24644076e-01 3.27032768e-01 3.29020542e-01 3.30602429e-01
  3.31774475e-01 3.32533751e-01 3.32878359e-01 3.32807437e-01
  3.32321163e-01 3.31420753e-01 3.30108456e-01 3.28387553e-01
  3.26262345e-01 3.23738144e-01 3.20821260e-01 3.17518982e-01
  3.13839566e-01 3.09792207e-01 3.05387022e-01 3.00635022e-01
  2.95548084e-01 2.90138922e-01 2.84421058e-01 2.78408782e-01
  2.72117122e-01 2.65561804e-01 2.58759213e-01 2.51726352e-01
  2.44480799e-01 2.37040664e-01 2.29424545e-01 2.21651476e-01
  2.13740887e-01 2.05712551e-01 1.97586533e-01 1.89383145e-01
  1.81122891e-01 1.72826417e-01 1.64514460e-01 1.56207796e-01
  1.47927186e-01 1.39693329e-01 1.31526804e-01 1.23448024e-01
  1.15477181e-01 1.07634199e-01 9.99386798e-02 9.24098592e-02
  8.50665552e-02 7.79271222e-02 7.10094051e-02 6.43306944e-02
  5.79076837e-02 5.17564269e-02 4.58922992e-02 4.03299576e-02
  3.50833053e-02 3.01654560e-02 2.55887019e-02 2.13644824e-02
  1.75033559e-02 1.40149732e-02 1.09080535e-02 8.19036239e-03
  5.86869272e-03 3.94884745e-03 2.43562519e-03 1.33280822e-03
  6.43152997e-04 3.68383305e-04 5.09185924e-04 1.06520892e-03
  2.03506253e-03 3.41632261e-03 5.20553675e-03 7.39823283e-03
  9.98893026e-03 1.29711536e-02 1.63374490e-02 2.00794023e-02
  2.41876606e-02 2.86519554e-02 3.34611284e-02 3.86031590e-02
  4.40651950e-02 4.98335839e-02 5.58939080e-02 6.22310194e-02
  6.88290788e-02 7.56715944e-02 8.27414635e-02 9.00210152e-02
  9.74920542e-02 1.05135907e-01 1.12933468e-01 1.20865247e-01
  1.28911419e-01 1.37051872e-01 1.45266261e-01 1.53534052e-01
  1.61834582e-01 1.70147102e-01 1.78450836e-01 1.86725029e-01
  1.94949000e-01 2.03102193e-01 2.11164229e-01 2.19114958e-01
  2.26934507e-01 2.34603331e-01 2.42102261e-01 2.49412555e-01
  2.56515941e-01 2.63394663e-01 2.70031529e-01 2.76409950e-01
  2.82513983e-01 2.88328372e-01 2.93838582e-01 2.99030843e-01
  3.03892175e-01 3.08410427e-01 3.12574308e-01 3.16373409e-01
  3.19798234e-01 3.22840223e-01 3.25491772e-01 3.27746255e-01
  3.29598036e-01 3.31042486e-01 3.32075996e-01 3.32695982e-01
  3.32900894e-01 3.32690221e-01 3.32064488e-01 3.31025260e-01
  3.29575134e-01 3.27717736e-01 3.25457706e-01 3.22800695e-01
  3.19753344e-01 3.16323268e-01 3.12519043e-01 3.08350175e-01
  3.03827086e-01 2.98961080e-01 2.93764321e-01 2.88249796e-01
  2.82431291e-01 2.76323347e-01 2.69941232e-01 2.63300897e-01
  2.56418941e-01 2.49312564e-01 2.41999528e-01 2.34498112e-01
  2.26827067e-01 2.19005565e-01 2.11053156e-01 2.02989717e-01
  1.94835403e-01 1.86610595e-01 1.78335851e-01 1.70031853e-01
  1.61719356e-01 1.53419139e-01 1.45151947e-01 1.36938444e-01
  1.28799159e-01 1.20754437e-01 1.12824384e-01 1.05028822e-01
  9.73872356e-02 8.99187251e-02 8.26419577e-02 7.55751215e-02
  6.87358800e-02 6.21413276e-02 5.58079473e-02 4.97515694e-02
  4.39873314e-02 3.85296412e-02 3.33921400e-02 2.85876689e-02]]","[[1.02387372e-07 4.08490915e-07 1.01858145e-06 ... 8.41100924e-02
  8.34115190e-02 8.27146044e-02]
 [9.30217054e-07 3.65587633e-06 8.98165242e-06 ... 3.35001588e-02
  3.26404045e-02 3.17907193e-02]
 [2.77773148e-06 1.06476929e-05 2.55380775e-05 ... 3.23241324e-02
  3.13486549e-02 3.03867090e-02]]","[[1.28644404e-08 5.13912422e-08 1.28311828e-07 ... 8.36508269e-02
  8.33014164e-02 8.29524233e-02]
 [1.20481426e-07 4.77567940e-07 1.18317994e-06 ... 3.28265565e-02
  3.23990287e-02 3.19740242e-02]
 [3.78786301e-07 1.48070061e-06 3.61876192e-06 ... 3.15765542e-02
  3.10921273e-02 3.06110897e-02]]"
ExplEuler,"[[0.00000000e+00 1.29256472e-05 5.10017136e-05 1.25756121e-04
  2.48023921e-04 4.27951306e-04 6.74999743e-04 9.97950279e-04
  1.40490812e-03 1.90330750e-03 2.49991697e-03 3.20084505e-03
  4.01154647e-03 4.93682877e-03 5.98085967e-03 7.14717486e-03
  8.43868653e-03 9.85769252e-03 1.14058862e-02 1.30843670e-02
  1.48936516e-02 1.68336861e-02 1.89038587e-02 2.11030130e-02
  2.34294625e-02 2.58810055e-02 2.84549407e-02 3.11480835e-02
  3.39567835e-02 3.68769420e-02 3.99040307e-02 4.30331106e-02
  4.62588520e-02 4.95755546e-02 5.29771686e-02 5.64573163e-02
  6.00093134e-02 6.36261922e-02 6.73007238e-02 7.10254417e-02
  7.47926649e-02 7.85945219e-02 8.24229750e-02 8.62698440e-02
  9.01268309e-02 9.39855443e-02 9.78375239e-02 1.01674265e-01
  1.05487243e-01 1.09267936e-01 1.13007854e-01 1.16698557e-01
  1.20331680e-01 1.23898960e-01 1.27392255e-01 1.30803568e-01
  1.34125068e-01 1.37349114e-01 1.40468274e-01 1.43475346e-01
  1.46363376e-01 1.49125679e-01 1.51755859e-01 1.54247820e-01
  1.56595790e-01 1.58794332e-01 1.60838360e-01 1.62723153e-01
  1.64444369e-01 1.65998054e-01 1.67380657e-01 1.68589034e-01
  1.69620465e-01 1.70472652e-01 1.71143734e-01 1.71632288e-01
  1.71937332e-01 1.72058334e-01 1.71995205e-01 1.71748311e-01
  1.71318462e-01 1.70706918e-01 1.69915383e-01 1.68945999e-01
  1.67801349e-01 1.66484442e-01 1.64998711e-01 1.63348005e-01
  1.61536576e-01 1.59569073e-01 1.57450527e-01 1.55186344e-01
  1.52782284e-01 1.50244455e-01 1.47579291e-01 1.44793544e-01
  1.41894258e-01 1.38888759e-01 1.35784634e-01 1.32589713e-01
  1.29312050e-01 1.25959899e-01 1.22541701e-01 1.19066055e-01
  1.15541706e-01 1.11977511e-01 1.08382430e-01 1.04765495e-01
  1.01135790e-01 9.75024282e-02 9.38745321e-02 9.02612064e-02
  8.66715183e-02 8.31144738e-02 7.95989957e-02 7.61339012e-02
  7.27278800e-02 6.93894727e-02 6.61270493e-02 6.29487888e-02
  5.98626585e-02 5.68763941e-02 5.39974807e-02 5.12331339e-02
  4.85902818e-02 4.60755482e-02 4.36952355e-02 4.14553091e-02
  3.93613831e-02 3.74187055e-02 3.56321457e-02 3.40061822e-02
  3.25448912e-02 3.12519370e-02 3.01305623e-02 2.91835805e-02
  2.84133684e-02 2.78218606e-02 2.74105446e-02 2.71804568e-02
  2.71321804e-02 2.72658438e-02 2.75811200e-02 2.80772279e-02
  2.87529339e-02 2.96065554e-02 3.06359646e-02 3.18385940e-02
  3.32114429e-02 3.47510850e-02 3.64536766e-02 3.83149666e-02
  4.03303071e-02 4.24946647e-02 4.48026335e-02 4.72484485e-02
  4.98259998e-02 5.25288480e-02 5.53502407e-02 5.82831287e-02
  6.13201842e-02 6.44538186e-02 6.76762020e-02 7.09792825e-02
  7.43548065e-02 7.77943389e-02 8.12892848e-02 8.48309105e-02
  8.84103656e-02 9.20187051e-02 9.56469116e-02 9.92859181e-02
  1.02926630e-01 1.06559950e-01 1.10176797e-01 1.13768132e-01
  1.17324980e-01 1.20838452e-01 1.24299767e-01 1.27700275e-01
  1.31031476e-01 1.34285046e-01 1.37452854e-01 1.40526982e-01
  1.43499747e-01 1.46363720e-01 1.49111743e-01 1.51736948e-01
  1.54232774e-01 1.56592983e-01 1.58811677e-01 1.60883310e-01
  1.62802705e-01 1.64565065e-01 1.66165986e-01 1.67601467e-01
  1.68867919e-01 1.69962178e-01 1.70881509e-01 1.71623615e-01
  1.72186641e-01 1.72569180e-01 1.72770277e-01 1.72789428e-01
  1.72626587e-01 1.72282160e-01 1.71757009e-01 1.71052447e-01
  1.70170234e-01 1.69112577e-01 1.67882118e-01 1.66481934e-01
  1.64915525e-01 1.63186805e-01 1.61300097e-01 1.59260115e-01
  1.57071959e-01 1.54741098e-01 1.52273359e-01 1.49674909e-01
  1.46952244e-01 1.44112168e-01 1.41161781e-01 1.38108457e-01
  1.34959829e-01 1.31723765e-01 1.28408354e-01 1.25021884e-01
  1.21572819e-01 1.18069779e-01 1.14521521e-01 1.10936914e-01
  1.07324917e-01 1.03694558e-01 1.00054912e-01 9.64150758e-02
  9.27841468e-02 8.91712007e-02 8.55852681e-02 8.20353120e-02]
 [0.00000000e+00 1.24947923e-04 4.52623917e-04 1.03101674e-03
  1.88918559e-03 3.04405101e-03 4.50464242e-03 6.27475657e-03
  8.35462377e-03 1.07419546e-02 1.34326002e-02 1.64209718e-02
  1.97003102e-02 2.32628628e-02 2.71000023e-02 3.12023114e-02
  3.55596448e-02 4.01611793e-02 4.49954555e-02 5.00504170e-02
  5.53134453e-02 6.07713961e-02 6.64106338e-02 7.22170671e-02
  7.81761857e-02 8.42730964e-02 9.04925610e-02 9.68190348e-02
  1.03236705e-01 1.09729532e-01 1.16281286e-01 1.22875591e-01
  1.29495966e-01 1.36125863e-01 1.42748711e-01 1.49347956e-01
  1.55907103e-01 1.62409758e-01 1.68839667e-01 1.75180760e-01
  1.81417186e-01 1.87533359e-01 1.93513990e-01 1.99344132e-01
  2.05009211e-01 2.10495069e-01 2.15787993e-01 2.20874754e-01
  2.25742637e-01 2.30379476e-01 2.34773681e-01 2.38914268e-01
  2.42790889e-01 2.46393853e-01 2.49714155e-01 2.52743496e-01
  2.55474305e-01 2.57899756e-01 2.60013786e-01 2.61811111e-01
  2.63287239e-01 2.64438481e-01 2.65261959e-01 2.65755614e-01
  2.65918214e-01 2.65749350e-01 2.65249447e-01 2.64419752e-01
  2.63262340e-01 2.61780103e-01 2.59976748e-01 2.57856780e-01
  2.55425499e-01 2.52688982e-01 2.49654068e-01 2.46328344e-01
  2.42720121e-01 2.38838420e-01 2.34692941e-01 2.30294046e-01
  2.25652730e-01 2.20780595e-01 2.15689818e-01 2.10393123e-01
  2.04903749e-01 1.99235417e-01 1.93402294e-01 1.87418961e-01
  1.81300373e-01 1.75061823e-01 1.68718904e-01 1.62287469e-01
  1.55783596e-01 1.49223538e-01 1.42623694e-01 1.36000560e-01
  1.29370689e-01 1.22750654e-01 1.16157000e-01 1.09606209e-01
  1.03114654e-01 9.66985602e-02 9.03739650e-02 8.41566764e-02
  7.80622343e-02 7.21058718e-02 6.63024766e-02 6.06665543e-02
  5.52121916e-02 4.99530216e-02 4.49021896e-02 4.00723199e-02
  3.54754848e-02 3.11231738e-02 2.70262657e-02 2.31950004e-02
  1.96389541e-02 1.63670151e-02 1.33873616e-02 1.07074412e-02
  8.33395210e-03 6.27282698e-03 4.52921751e-03 3.10748183e-03
  2.01117352e-03 1.24303278e-03 8.04979572e-04 6.98108795e-04
  9.22687572e-04 1.47815457e-03 2.36312142e-03 3.57537615e-03
  5.11188877e-03 6.96881879e-03 9.14152485e-03 1.16245763e-02
  1.44117669e-02 1.74961300e-02 2.08699563e-02 2.45248131e-02
  2.84515651e-02 3.26403975e-02 3.70808403e-02 4.17617948e-02
  4.66715610e-02 5.17978671e-02 5.71278999e-02 6.26483373e-02
  6.83453808e-02 7.42047910e-02 8.02119223e-02 8.63517600e-02
  9.26089578e-02 9.89678758e-02 1.05412620e-01 1.11927082e-01
  1.18494980e-01 1.25099896e-01 1.31725321e-01 1.38354697e-01
  1.44971452e-01 1.51559049e-01 1.58101021e-01 1.64581018e-01
  1.70982842e-01 1.77290493e-01 1.83488204e-01 1.89560485e-01
  1.95492158e-01 2.01268397e-01 2.06874764e-01 2.12297246e-01
  2.17522290e-01 2.22536836e-01 2.27328351e-01 2.31884857e-01
  2.36194966e-01 2.40247906e-01 2.44033545e-01 2.47542422e-01
  2.50765767e-01 2.53695522e-01 2.56324365e-01 2.58645724e-01
  2.60653799e-01 2.62343569e-01 2.63710812e-01 2.64752109e-01
  2.65464859e-01 2.65847279e-01 2.65898413e-01 2.65618135e-01
  2.65007144e-01 2.64066968e-01 2.62799956e-01 2.61209275e-01
  2.59298902e-01 2.57073612e-01 2.54538965e-01 2.51701298e-01
  2.48567704e-01 2.45146014e-01 2.41444781e-01 2.37473256e-01
  2.33241367e-01 2.28759690e-01 2.24039427e-01 2.19092377e-01
  2.13930904e-01 2.08567911e-01 2.03016800e-01 1.97291448e-01
  1.91406164e-01 1.85375659e-01 1.79215006e-01 1.72939603e-01
  1.66565135e-01 1.60107536e-01 1.53582946e-01 1.47007673e-01
  1.40398152e-01 1.33770903e-01 1.27142491e-01 1.20529484e-01
  1.13948409e-01 1.07415718e-01 1.00947738e-01 9.45606355e-02
  8.82703752e-02 8.20926793e-02 7.60429889e-02 7.01364252e-02
  6.43877513e-02 5.88113361e-02 5.34211176e-02 4.82305686e-02
  4.32526628e-02 3.84998423e-02 3.39839867e-02 2.97163833e-02]
 [0.00000000e+00 4.16493077e-04 1.24843822e-03 2.49375599e-03
  4.14933374e-03 6.21103340e-03 8.67370179e-03 1.15311835e-02
  1.47763364e-02 1.84010492e-02 2.23962620e-02 2.67519889e-02
  3.14573428e-02 3.65005629e-02 4.18690436e-02 4.75493666e-02
  5.35273340e-02 5.97880041e-02 6.63157283e-02 7.30941909e-02
  8.01064491e-02 8.73349759e-02 9.47617039e-02 1.02368070e-01
  1.10135063e-01 1.18043268e-01 1.26072919e-01 1.34203947e-01
  1.42416028e-01 1.50688637e-01 1.59001095e-01 1.67332626e-01
  1.75662406e-01 1.83969615e-01 1.92233488e-01 2.00433371e-01
  2.08548768e-01 2.16559395e-01 2.24445229e-01 2.32186560e-01
  2.39764038e-01 2.47158725e-01 2.54352136e-01 2.61326293e-01
  2.68063763e-01 2.74547706e-01 2.80761916e-01 2.86690861e-01
  2.92319720e-01 2.97634426e-01 3.02621694e-01 3.07269059e-01
  3.11564903e-01 3.15498491e-01 3.19059990e-01 3.22240498e-01
  3.25032066e-01 3.27427716e-01 3.29421461e-01 3.31008316e-01
  3.32184316e-01 3.32946522e-01 3.33293027e-01 3.33222967e-01
  3.32736516e-01 3.31834889e-01 3.30520342e-01 3.28796159e-01
  3.26666650e-01 3.24137137e-01 3.21213944e-01 3.17904375e-01
  3.14216705e-01 3.10160150e-01 3.05744849e-01 3.00981838e-01
  2.95883022e-01 2.90461146e-01 2.84729761e-01 2.78703193e-01
  2.72396506e-01 2.65825462e-01 2.59006486e-01 2.51956622e-01
  2.44693491e-01 2.37235246e-01 2.29600530e-01 2.21808425e-01
  2.13878408e-01 2.05830299e-01 1.97684214e-01 1.89460516e-01
  1.81179757e-01 1.72862637e-01 1.64529943e-01 1.56202503e-01
  1.47901132e-01 1.39646577e-01 1.31459472e-01 1.23360280e-01
  1.15369244e-01 1.07506338e-01 9.97912161e-02 9.22431608e-02
  8.48810387e-02 7.77232512e-02 7.07876892e-02 6.40916879e-02
  5.76519838e-02 5.14846729e-02 4.56051702e-02 4.00281714e-02
  3.47676161e-02 2.98366529e-02 2.52476067e-02 2.10119477e-02
  1.71402629e-02 1.36422294e-02 1.05265906e-02 7.80113377e-03
  5.47267128e-03 3.54702305e-03 2.02900218e-03 9.22402937e-04
  2.29991247e-04 0.00000000e+00 1.40115837e-04 6.96490767e-04
  1.66773414e-03 3.05141836e-03 4.84408492e-03 7.04125311e-03
  9.63743114e-03 1.26261299e-02 1.59998793e-02 1.97502465e-02
  2.38678578e-02 2.83424212e-02 3.31627525e-02 3.83168036e-02
  4.37916919e-02 4.95737331e-02 5.56484751e-02 6.20007342e-02
  6.86146331e-02 7.54736404e-02 8.25606123e-02 8.98578349e-02
  9.73470690e-02 1.05009595e-01 1.12826262e-01 1.20777531e-01
  1.28843528e-01 1.37004093e-01 1.45238828e-01 1.53527151e-01
  1.61848346e-01 1.70181613e-01 1.78506124e-01 1.86801073e-01
  1.95045725e-01 2.03219473e-01 2.11301888e-01 2.19272768e-01
  2.27112189e-01 2.34800558e-01 2.42318656e-01 2.49647694e-01
  2.56769351e-01 2.63665829e-01 2.70319888e-01 2.76714898e-01
  2.82834873e-01 2.88664519e-01 2.94189262e-01 2.99395295e-01
  3.04269605e-01 3.08800009e-01 3.12975183e-01 3.16784691e-01
  3.20219011e-01 3.23269561e-01 3.25928714e-01 3.28189824e-01
  3.30047240e-01 3.31496319e-01 3.32533439e-01 3.33156008e-01
  3.33362470e-01 3.33152309e-01 3.32526049e-01 3.31485257e-01
  3.30032534e-01 3.28171511e-01 3.25906839e-01 3.23244179e-01
  3.20190186e-01 3.16752494e-01 3.12939695e-01 3.08761319e-01
  3.04227810e-01 2.99350499e-01 2.94141577e-01 2.88614063e-01
  2.82781774e-01 2.76659287e-01 2.70261905e-01 2.63605619e-01
  2.56707065e-01 2.49583487e-01 2.42252689e-01 2.34732994e-01
  2.27043199e-01 2.19202523e-01 2.11230565e-01 2.03147249e-01
  1.94972781e-01 1.86727591e-01 1.78432289e-01 1.70107608e-01
  1.61774357e-01 1.53453363e-01 1.45165424e-01 1.36931258e-01
  1.28771443e-01 1.20706376e-01 1.12756216e-01 1.04940833e-01
  9.72797621e-02 8.97921516e-02 8.24967168e-02 7.54116925e-02
  6.85547875e-02 6.19431406e-02 5.55932774e-02 4.95210693e-02
  4.37416936e-02 3.82695957e-02 3.31184531e-02 2.83011410e-02]]","[[0.00000000e+00 1.03446552e-07 4.12705726e-07 ... 8.43702365e-02
  8.36673831e-02 8.29661629e-02]
 [0.00000000e+00 9.99983333e-07 3.92483459e-06 ... 3.33844157e-02
  3.25233590e-02 3.16723831e-02]
 [0.00000000e+00 3.33327778e-06 1.26661222e-05 ... 3.22595638e-02
  3.12835660e-02 3.03211063e-02]]","[[0.00000000e+00 1.29309806e-08 5.16567148e-08 ... 8.37792947e-02
  8.34288110e-02 8.30787416e-02]
 [0.00000000e+00 1.24999479e-07 4.95307311e-07 ... 3.27681961e-02
  3.23403441e-02 3.19150170e-02]
 [0.00000000e+00 4.16664931e-07 1.62498281e-06 ... 3.15440744e-02
  3.10595182e-02 3.05783522e-02]]"
Heun,"[[6.46282361e-06 3.16380417e-05 8.71104276e-05 1.83802141e-04
  3.31975001e-04 5.41232916e-04 8.20524545e-04 1.17814625e-03
  1.62174543e-03 2.15832419e-03 2.79424359e-03 3.53522826e-03
  4.38637174e-03 5.35214223e-03 6.43638911e-03 7.64235003e-03
  8.97265874e-03 1.04293536e-02 1.20138869e-02 1.37271346e-02
  1.55694074e-02 1.75404620e-02 1.96395135e-02 2.18652484e-02
  2.42158383e-02 2.66889547e-02 2.92817840e-02 3.19910437e-02
  3.48129992e-02 3.77434812e-02 4.07779037e-02 4.39112829e-02
  4.71382569e-02 5.04531052e-02 5.38497694e-02 5.73218745e-02
  6.08627504e-02 6.44654540e-02 6.81227913e-02 7.18273408e-02
  7.55714760e-02 7.93473896e-02 8.31471163e-02 8.69625574e-02
  9.07855042e-02 9.46076625e-02 9.84206764e-02 1.02216153e-01
  1.05985685e-01 1.09720876e-01 1.13413364e-01 1.17054845e-01
  1.20637094e-01 1.24151993e-01 1.27591547e-01 1.30947912e-01
  1.34213412e-01 1.37380564e-01 1.40442095e-01 1.43390965e-01
  1.46220384e-01 1.48923830e-01 1.51495071e-01 1.53928177e-01
  1.56217539e-01 1.58357882e-01 1.60344284e-01 1.62172183e-01
  1.63837395e-01 1.65336122e-01 1.66664964e-01 1.67820930e-01
  1.68801441e-01 1.69604343e-01 1.70227912e-01 1.70670856e-01
  1.70932322e-01 1.71011898e-01 1.70909613e-01 1.70625940e-01
  1.70161796e-01 1.69518536e-01 1.68697955e-01 1.67702280e-01
  1.66534168e-01 1.65196698e-01 1.63693365e-01 1.62028069e-01
  1.60205109e-01 1.58229173e-01 1.56105321e-01 1.53838980e-01
  1.51435924e-01 1.48902266e-01 1.46244439e-01 1.43469180e-01
  1.40583518e-01 1.37594749e-01 1.34510427e-01 1.31338338e-01
  1.28086483e-01 1.24763060e-01 1.21376443e-01 1.17935159e-01
  1.14447869e-01 1.10923346e-01 1.07370453e-01 1.03798123e-01
  1.00215332e-01 9.66310815e-02 9.30543747e-02 8.94941926e-02
  8.59594734e-02 8.24590895e-02 7.90018257e-02 7.55963571e-02
  7.22512278e-02 6.89748292e-02 6.57753797e-02 6.26609037e-02
  5.96392119e-02 5.67178817e-02 5.39042384e-02 5.12053371e-02
  4.86279449e-02 4.61785240e-02 4.38632159e-02 4.16878257e-02
  3.96578082e-02 3.77782537e-02 3.60538757e-02 3.44889990e-02
  3.30875490e-02 3.18530420e-02 3.07885761e-02 2.98968242e-02
  2.91800265e-02 2.86399854e-02 2.82780610e-02 2.80951679e-02
  2.80917724e-02 2.82678917e-02 2.86230941e-02 2.91564997e-02
  2.98667828e-02 3.07521753e-02 3.18104709e-02 3.30390308e-02
  3.44347906e-02 3.59942673e-02 3.77135685e-02 3.95884023e-02
  4.16140875e-02 4.37855656e-02 4.60974136e-02 4.85438573e-02
  5.11187860e-02 5.38157676e-02 5.66280647e-02 5.95486514e-02
  6.25702311e-02 6.56852546e-02 6.88859389e-02 7.21642868e-02
  7.55121068e-02 7.89210337e-02 8.23825494e-02 8.58880041e-02
  8.94286382e-02 9.29956041e-02 9.65799881e-02 1.00172833e-01
  1.03765161e-01 1.07347993e-01 1.10912378e-01 1.14449406e-01
  1.17950239e-01 1.21406128e-01 1.24808436e-01 1.28148660e-01
  1.31418454e-01 1.34609644e-01 1.37714257e-01 1.40724532e-01
  1.43632947e-01 1.46432234e-01 1.49115395e-01 1.51675727e-01
  1.54106829e-01 1.56402626e-01 1.58557381e-01 1.60565709e-01
  1.62422589e-01 1.64123382e-01 1.65663838e-01 1.67040106e-01
  1.68248746e-01 1.69286739e-01 1.70151491e-01 1.70840840e-01
  1.71353064e-01 1.71686883e-01 1.71841462e-01 1.71816417e-01
  1.71611810e-01 1.71228152e-01 1.70666403e-01 1.69927967e-01
  1.69014691e-01 1.67928856e-01 1.66673179e-01 1.65250796e-01
  1.63665264e-01 1.61920546e-01 1.60021003e-01 1.57971384e-01
  1.55776810e-01 1.53442768e-01 1.50975092e-01 1.48379949e-01
  1.45663827e-01 1.42833515e-01 1.39896086e-01 1.36858883e-01
  1.33729499e-01 1.30515753e-01 1.27225680e-01 1.23867503e-01
  1.20449616e-01 1.16980562e-01 1.13469011e-01 1.09923741e-01
  1.06353613e-01 1.02767552e-01 9.91745188e-02 9.55834959e-02
  9.20034588e-02 8.84433555e-02 8.49120847e-02 8.14184727e-02]
 [6.24739616e-05 2.69750885e-04 6.78665643e-04 1.32807439e-03
  2.24408177e-03 3.44367776e-03 4.93726926e-03 6.73044395e-03
  8.82520071e-03 1.12208100e-02 1.39144174e-02 1.69014687e-02
  2.01760128e-02 2.37309182e-02 2.75580319e-02 3.16482973e-02
  3.59918449e-02 4.05780643e-02 4.53956635e-02 5.04327200e-02
  5.56767266e-02 6.11146336e-02 6.67328889e-02 7.25174778e-02
  7.84539610e-02 8.45275140e-02 9.07229653e-02 9.70248361e-02
  1.03417379e-01 1.09884621e-01 1.16410397e-01 1.22978399e-01
  1.29572211e-01 1.36175352e-01 1.42771320e-01 1.49343627e-01
  1.55875847e-01 1.62351652e-01 1.68754857e-01 1.75069457e-01
  1.81279669e-01 1.87369971e-01 1.93325140e-01 1.99130290e-01
  2.04770914e-01 2.10232911e-01 2.15502630e-01 2.20566898e-01
  2.25413059e-01 2.30028999e-01 2.34403181e-01 2.38524672e-01
  2.42383169e-01 2.45969029e-01 2.49273290e-01 2.52287691e-01
  2.55004699e-01 2.57417522e-01 2.59520130e-01 2.61307268e-01
  2.62774467e-01 2.63918062e-01 2.64735194e-01 2.65223820e-01
  2.65382719e-01 2.65211494e-01 2.64710573e-01 2.63881208e-01
  2.62725471e-01 2.61246252e-01 2.59447248e-01 2.57332956e-01
  2.54908659e-01 2.52180419e-01 2.49155052e-01 2.45840123e-01
  2.42243916e-01 2.38375419e-01 2.34244303e-01 2.29860892e-01
  2.25236143e-01 2.20381616e-01 2.15309444e-01 2.10032304e-01
  2.04563388e-01 1.98916365e-01 1.93105348e-01 1.87144863e-01
  1.81049808e-01 1.74835418e-01 1.68517224e-01 1.62111019e-01
  1.55632816e-01 1.49098806e-01 1.42525321e-01 1.35928792e-01
  1.29325706e-01 1.22732567e-01 1.16165856e-01 1.09641984e-01
  1.03177260e-01 9.67878400e-02 9.04896956e-02 8.42985686e-02
  7.82299335e-02 7.22989588e-02 6.65204689e-02 6.09089068e-02
  5.54782987e-02 5.02422182e-02 4.52137527e-02 4.04054709e-02
  3.58293910e-02 3.14969506e-02 2.74189788e-02 2.36056682e-02
  2.00665502e-02 1.68104708e-02 1.38455684e-02 1.11792538e-02
  8.81819128e-03 6.76828236e-03 5.03465072e-03 3.62162954e-03
  2.53275064e-03 1.77073564e-03 1.33748918e-03 1.23409416e-03
  1.46080901e-03 2.01706705e-03 2.90147795e-03 4.11183112e-03
  5.64510131e-03 7.49745616e-03 9.66426573e-03 1.21401141e-02
  1.49188130e-02 1.79934171e-02 2.13562415e-02 2.49988809e-02
  2.89122305e-02 3.30865091e-02 3.75112831e-02 4.21754929e-02
  4.70674804e-02 5.21750182e-02 5.74853400e-02 6.29851730e-02
  6.86607702e-02 7.44979457e-02 8.04821096e-02 8.65983047e-02
  9.28312435e-02 9.91653470e-02 1.05584783e-01 1.12073507e-01
  1.18615300e-01 1.25193811e-01 1.31792597e-01 1.38395164e-01
  1.44985010e-01 1.51545664e-01 1.58060727e-01 1.64513915e-01
  1.70889098e-01 1.77170342e-01 1.83341946e-01 1.89388486e-01
  1.95294848e-01 2.01046269e-01 2.06628373e-01 2.12027208e-01
  2.17229280e-01 2.22221587e-01 2.26991650e-01 2.31527546e-01
  2.35817939e-01 2.39852104e-01 2.43619958e-01 2.47112084e-01
  2.50319752e-01 2.53234946e-01 2.55850379e-01 2.58159514e-01
  2.60156579e-01 2.61836582e-01 2.63195325e-01 2.64229411e-01
  2.64936255e-01 2.65314091e-01 2.65361975e-01 2.65079786e-01
  2.64468231e-01 2.63528837e-01 2.62263952e-01 2.60676739e-01
  2.58771164e-01 2.56551991e-01 2.54024766e-01 2.51195805e-01
  2.48072180e-01 2.44661699e-01 2.40972885e-01 2.37014959e-01
  2.32797813e-01 2.28331988e-01 2.23628647e-01 2.18699545e-01
  2.13557003e-01 2.08213874e-01 2.02683513e-01 1.96979743e-01
  1.91116821e-01 1.85109401e-01 1.78972498e-01 1.72721452e-01
  1.66371887e-01 1.59939673e-01 1.53440887e-01 1.46891774e-01
  1.40308702e-01 1.33708126e-01 1.27106543e-01 1.20520455e-01
  1.13966323e-01 1.07460530e-01 1.01019335e-01 9.46588387e-02
  8.83949393e-02 8.22432931e-02 7.62192759e-02 7.03379446e-02
  6.46139996e-02 5.90617478e-02 5.36950667e-02 4.85273705e-02
  4.35715755e-02 3.88400687e-02 3.43446765e-02 3.00966349e-02]
 [2.08246539e-04 7.28342377e-04 1.61104918e-03 2.88019146e-03
  4.54561243e-03 6.60965711e-03 9.07042032e-03 1.19233783e-02
  1.51622138e-02 1.87792379e-02 2.27656134e-02 2.71114781e-02
  3.18060205e-02 3.68375320e-02 4.21934493e-02 4.78603917e-02
  5.38241979e-02 6.00699631e-02 6.65820770e-02 7.33442630e-02
  8.03396195e-02 8.75506617e-02 9.49593659e-02 1.02547214e-01
  1.10295241e-01 1.18184080e-01 1.26194014e-01 1.34305021e-01
  1.42496829e-01 1.50748962e-01 1.59040794e-01 1.67351600e-01
  1.75660607e-01 1.83947048e-01 1.92190209e-01 2.00369489e-01
  2.08464442e-01 2.16454835e-01 2.24320697e-01 2.32042368e-01
  2.39600546e-01 2.46976341e-01 2.54151317e-01 2.61107540e-01
  2.67827623e-01 2.74294769e-01 2.80492815e-01 2.86406268e-01
  2.92020347e-01 2.97321021e-01 3.02295040e-01 3.06929971e-01
  3.11214231e-01 3.15137111e-01 3.18688805e-01 3.21860435e-01
  3.24644076e-01 3.27032768e-01 3.29020542e-01 3.30602429e-01
  3.31774475e-01 3.32533751e-01 3.32878359e-01 3.32807437e-01
  3.32321163e-01 3.31420753e-01 3.30108456e-01 3.28387553e-01
  3.26262345e-01 3.23738144e-01 3.20821260e-01 3.17518982e-01
  3.13839566e-01 3.09792207e-01 3.05387022e-01 3.00635022e-01
  2.95548084e-01 2.90138922e-01 2.84421058e-01 2.78408782e-01
  2.72117122e-01 2.65561804e-01 2.58759213e-01 2.51726352e-01
  2.44480799e-01 2.37040664e-01 2.29424545e-01 2.21651476e-01
  2.13740887e-01 2.05712551e-01 1.97586533e-01 1.89383145e-01
  1.81122891e-01 1.72826417e-01 1.64514460e-01 1.56207796e-01
  1.47927186e-01 1.39693329e-01 1.31526804e-01 1.23448024e-01
  1.15477181e-01 1.07634199e-01 9.99386798e-02 9.24098592e-02
  8.50665552e-02 7.79271222e-02 7.10094051e-02 6.43306944e-02
  5.79076837e-02 5.17564269e-02 4.58922992e-02 4.03299576e-02
  3.50833053e-02 3.01654560e-02 2.55887019e-02 2.13644824e-02
  1.75033559e-02 1.40149732e-02 1.09080535e-02 8.19036239e-03
  5.86869272e-03 3.94884745e-03 2.43562519e-03 1.33280822e-03
  6.43152997e-04 3.68383305e-04 5.09185924e-04 1.06520892e-03
  2.03506253e-03 3.41632261e-03 5.20553675e-03 7.39823283e-03
  9.98893026e-03 1.29711536e-02 1.63374490e-02 2.00794023e-02
  2.41876606e-02 2.86519554e-02 3.34611284e-02 3.86031590e-02
  4.40651950e-02 4.98335839e-02 5.58939080e-02 6.22310194e-02
  6.88290788e-02 7.56715944e-02 8.27414635e-02 9.00210152e-02
  9.74920542e-02 1.05135907e-01 1.12933468e-01 1.20865247e-01
  1.28911419e-01 1.37051872e-01 1.45266261e-01 1.53534052e-01
  1.61834582e-01 1.70147102e-01 1.78450836e-01 1.86725029e-01
  1.94949000e-01 2.03102193e-01 2.11164229e-01 2.19114958e-01
  2.26934507e-01 2.34603331e-01 2.42102261e-01 2.49412555e-01
  2.56515941e-01 2.63394663e-01 2.70031529e-01 2.76409950e-01
  2.82513983e-01 2.88328372e-01 2.93838582e-01 2.99030843e-01
  3.03892175e-01 3.08410427e-01 3.12574308e-01 3.16373409e-01
  3.19798234e-01 3.22840223e-01 3.25491772e-01 3.27746255e-01
  3.29598036e-01 3.31042486e-01 3.32075996e-01 3.32695982e-01
  3.32900894e-01 3.32690221e-01 3.32064488e-01 3.31025260e-01
  3.29575134e-01 3.27717736e-01 3.25457706e-01 3.22800695e-01
  3.19753344e-01 3.16323268e-01 3.12519043e-01 3.08350175e-01
  3.03827086e-01 2.98961080e-01 2.93764321e-01 2.88249796e-01
  2.82431291e-01 2.76323347e-01 2.69941232e-01 2.63300897e-01
  2.56418941e-01 2.49312564e-01 2.41999528e-01 2.34498112e-01
  2.26827067e-01 2.19005565e-01 2.11053156e-01 2.02989717e-01
  1.94835403e-01 1.86610595e-01 1.78335851e-01 1.70031853e-01
  1.61719356e-01 1.53419139e-01 1.45151947e-01 1.36938444e-01
  1.28799159e-01 1.20754437e-01 1.12824384e-01 1.05028822e-01
  9.73872356e-02 8.99187251e-02 8.26419577e-02 7.55751215e-02
  6.87358800e-02 6.21413276e-02 5.58079473e-02 4.97515694e-02
  4.39873314e-02 3.85296412e-02 3.33921400e-02 2.85876689e-02]]","[[5.17232759e-08 2.57543838e-07 7.18766670e-07 ... 8.42397150e-02
  8.35390214e-02 8.28399738e-02]
 [4.99991667e-07 2.42631581e-06 6.63829678e-06 ... 3.34449007e-02
  3.25845182e-02 3.17342103e-02]
 [1.66663889e-06 7.69970500e-06 2.03125581e-05 ... 3.22955722e-02
  3.13198620e-02 3.03576861e-02]]","[[6.46549030e-09 3.22604920e-08 9.01821761e-08 ... 8.37149526e-02
  8.33650080e-02 8.30154792e-02]
 [6.24997396e-08 3.07853600e-07 8.51982669e-07 ... 3.27980232e-02
  3.23703361e-02 3.19451731e-02]
 [2.08332465e-07 1.00103229e-06 2.71839594e-06 ... 3.15612033e-02
  3.10767150e-02 3.05956164e-02]]"
RK,"[[6.35283650e-06 3.13194415e-05 8.64953579e-05 1.82812953e-04
  3.30543718e-04 5.39300724e-04 8.18041307e-04 1.17507005e-03
  1.61804209e-03 2.15396691e-03 2.78921248e-03 3.52950998e-03
  4.37995911e-03 5.34503386e-03 6.42858907e-03 7.63386749e-03
  8.96350765e-03 1.04195524e-02 1.20034581e-02 1.37161046e-02
  1.55578062e-02 1.75283228e-02 1.96268727e-02 2.18521448e-02
  2.42023135e-02 2.66750523e-02 2.92675497e-02 3.19765248e-02
  3.47982446e-02 3.77285409e-02 4.07628289e-02 4.38961257e-02
  4.71230698e-02 5.04379410e-02 5.38346814e-02 5.73069158e-02
  6.08479741e-02 6.44509125e-02 6.81085367e-02 7.18134243e-02
  7.55579481e-02 7.93342996e-02 8.31345123e-02 8.69504861e-02
  9.07740110e-02 9.45967909e-02 9.84104684e-02 1.02206648e-01
  1.05976922e-01 1.09712890e-01 1.13406189e-01 1.17048512e-01
  1.20631633e-01 1.24147430e-01 1.27587906e-01 1.30945214e-01
  1.34211677e-01 1.37379806e-01 1.40442329e-01 1.43392200e-01
  1.46222628e-01 1.48927089e-01 1.51499346e-01 1.53933468e-01
  1.56223842e-01 1.58365191e-01 1.60352589e-01 1.62181473e-01
  1.63847655e-01 1.65347334e-01 1.66677109e-01 1.67833984e-01
  1.68815380e-01 1.69619139e-01 1.70243535e-01 1.70687274e-01
  1.70949500e-01 1.71029799e-01 1.70928200e-01 1.70645172e-01
  1.70181630e-01 1.69538928e-01 1.68718860e-01 1.67723650e-01
  1.66555955e-01 1.65218852e-01 1.63715835e-01 1.62050803e-01
  1.60228056e-01 1.58252279e-01 1.56128532e-01 1.53862241e-01
  1.51459182e-01 1.48925466e-01 1.46267525e-01 1.43492100e-01
  1.40606216e-01 1.37617172e-01 1.34532522e-01 1.31360052e-01
  1.28107765e-01 1.24783859e-01 1.21396710e-01 1.17954845e-01
  1.14466927e-01 1.10941731e-01 1.07388121e-01 1.03815032e-01
  1.00231442e-01 9.66463541e-02 9.30687732e-02 8.95076829e-02
  8.59720233e-02 8.24706693e-02 7.90124080e-02 7.56059169e-02
  7.22597425e-02 6.89822790e-02 6.57817473e-02 6.26661743e-02
  5.96433736e-02 5.67209252e-02 5.39061572e-02 5.12061275e-02
  4.86276059e-02 4.61770574e-02 4.38606263e-02 4.16841205e-02
  3.96529975e-02 3.77723503e-02 3.60468952e-02 3.44809595e-02
  3.30784714e-02 3.18429496e-02 3.07774949e-02 2.98847824e-02
  2.91670548e-02 2.86261168e-02 2.82633309e-02 2.80796134e-02
  2.80754330e-02 2.82508088e-02 2.86053108e-02 2.91380609e-02
  2.98477350e-02 3.07325664e-02 3.17903504e-02 3.30184495e-02
  3.44138001e-02 3.59729205e-02 3.76919191e-02 3.95665047e-02
  4.15919967e-02 4.37633371e-02 4.60751033e-02 4.85215212e-02
  5.10964802e-02 5.37935481e-02 5.66059872e-02 5.95267713e-02
  6.25486034e-02 6.56639335e-02 6.88649778e-02 7.21437384e-02
  7.54920226e-02 7.89014641e-02 8.23635434e-02 8.58696093e-02
  8.94109009e-02 9.29785687e-02 9.65636973e-02 1.00157328e-01
  1.03750480e-01 1.07334173e-01 1.10899453e-01 1.14437410e-01
  1.17939201e-01 1.21396076e-01 1.24799395e-01 1.28140654e-01
  1.31411501e-01 1.34603763e-01 1.37709462e-01 1.40720835e-01
  1.43630358e-01 1.46430759e-01 1.49115038e-01 1.51676489e-01
  1.54108708e-01 1.56405617e-01 1.58561477e-01 1.60570899e-01
  1.62428862e-01 1.64130721e-01 1.65672225e-01 1.67049519e-01
  1.68259163e-01 1.69298134e-01 1.70163835e-01 1.70854102e-01
  1.71367211e-01 1.71701879e-01 1.71857271e-01 1.71832999e-01
  1.71629123e-01 1.71246153e-01 1.70685048e-01 1.69947208e-01
  1.69034481e-01 1.67949145e-01 1.66693916e-01 1.65271930e-01
  1.63686742e-01 1.61942314e-01 1.60043007e-01 1.57993568e-01
  1.55799120e-01 1.53465147e-01 1.50997485e-01 1.48402300e-01
  1.45686080e-01 1.42855613e-01 1.39917976e-01 1.36880510e-01
  1.33750807e-01 1.30536691e-01 1.27246195e-01 1.23887543e-01
  1.20469131e-01 1.16999503e-01 1.13487332e-01 1.09941396e-01
  1.06370557e-01 1.02783742e-01 9.91899162e-02 9.55980614e-02
  9.20171559e-02 8.84561501e-02 8.49239448e-02 8.14293686e-02]
 [5.53968331e-05 2.52906184e-04 6.51733355e-04 1.29191542e-03
  2.20005683e-03 3.39327404e-03 4.88190977e-03 6.67140223e-03
  8.76357402e-03 1.11575230e-02 1.38502396e-02 1.68370381e-02
  2.01118579e-02 2.36674797e-02 2.74956801e-02 3.15873470e-02
  3.59325668e-02 4.05206945e-02 4.53404102e-02 5.03797691e-02
  5.56262454e-02 6.10667736e-02 6.66877885e-02 7.24752632e-02
  7.84147475e-02 8.44914066e-02 9.06900595e-02 9.69952178e-02
  1.03391125e-01 1.09861798e-01 1.16391064e-01 1.22962606e-01
  1.29559997e-01 1.36166749e-01 1.42766349e-01 1.49342302e-01
  1.55878170e-01 1.62357618e-01 1.68764452e-01 1.75082656e-01
  1.81296439e-01 1.87390270e-01 1.93348917e-01 1.99157487e-01
  2.04801462e-01 2.10266734e-01 2.15539643e-01 2.20607010e-01
  2.25456168e-01 2.30074998e-01 2.34451955e-01 2.38576099e-01
  2.42437121e-01 2.46025370e-01 2.49331879e-01 2.52348383e-01
  2.55067342e-01 2.57481959e-01 2.59586200e-01 2.61374805e-01
  2.62843304e-01 2.63988026e-01 2.64806110e-01 2.65295511e-01
  2.65455006e-01 2.65284196e-01 2.64783508e-01 2.63954193e-01
  2.62798326e-01 2.61318793e-01 2.59519294e-01 2.57404327e-01
  2.54979177e-01 2.52249907e-01 2.49223338e-01 2.45907034e-01
  2.42309286e-01 2.38439085e-01 2.34306104e-01 2.29920676e-01
  2.25293759e-01 2.20436920e-01 2.15362298e-01 2.10082577e-01
  2.04610953e-01 1.98961103e-01 1.93147148e-01 1.87183621e-01
  1.81085426e-01 1.74867807e-01 1.68546303e-01 1.62136716e-01
  1.55655066e-01 1.49117554e-01 1.42540520e-01 1.35940404e-01
  1.29333702e-01 1.22736927e-01 1.16166569e-01 1.09639049e-01
  1.03170683e-01 9.67776382e-02 9.04758944e-02 8.42812025e-02
  7.82090459e-02 7.22746019e-02 6.64927034e-02 6.08778024e-02
  5.54439329e-02 5.02046770e-02 4.51731300e-02 4.03618681e-02
  3.57829171e-02 3.14477219e-02 2.73671182e-02 2.35513054e-02
  2.00098211e-02 1.67515171e-02 1.37845375e-02 1.11162982e-02
  8.75346842e-03 6.70195397e-03 4.96688260e-03 3.55259107e-03
  2.46261437e-03 1.69967688e-03 1.26568555e-03 1.16172512e-03
  1.38805545e-03 1.94411083e-03 2.82850140e-03 4.03901665e-03
  5.57263092e-03 7.42551099e-03 9.59302560e-03 1.20697571e-02
  1.48495150e-02 1.79253512e-02 2.12895779e-02 2.49337862e-02
  2.88488675e-02 3.30250361e-02 3.74518538e-02 4.21182557e-02
  4.70125785e-02 5.21225888e-02 5.74355141e-02 6.29380751e-02
  6.86165181e-02 7.44566501e-02 8.04438736e-02 8.65632238e-02
  9.27994055e-02 9.91368315e-02 1.05559661e-01 1.12051842e-01
  1.18597145e-01 1.25179212e-01 1.31781591e-01 1.38387778e-01
  1.44981263e-01 1.51545564e-01 1.58064275e-01 1.64521102e-01
  1.70899907e-01 1.77184745e-01 1.83359908e-01 1.89409961e-01
  1.95319782e-01 2.01074601e-01 2.06660031e-01 2.12062114e-01
  2.17267347e-01 2.22262718e-01 2.27035743e-01 2.31574492e-01
  2.35867619e-01 2.39904395e-01 2.43674728e-01 2.47169197e-01
  2.50379066e-01 2.53296311e-01 2.55913643e-01 2.58224518e-01
  2.60223161e-01 2.61904576e-01 2.63264560e-01 2.64299714e-01
  2.65007451e-01 2.65386003e-01 2.65434421e-01 2.65152587e-01
  2.64541203e-01 2.63601799e-01 2.62336722e-01 2.60749134e-01
  2.58843004e-01 2.56623095e-01 2.54094957e-01 2.51264908e-01
  2.48140022e-01 2.44728110e-01 2.41037699e-01 2.37078015e-01
  2.32858953e-01 2.28391059e-01 2.23685502e-01 2.18754041e-01
  2.13609004e-01 2.08263250e-01 2.02730140e-01 1.97023506e-01
  1.91157609e-01 1.85147113e-01 1.79007040e-01 1.72752737e-01
  1.66399836e-01 1.59964217e-01 1.53461966e-01 1.46909333e-01
  1.40322699e-01 1.33718525e-01 1.27113319e-01 1.20523590e-01
  1.13965810e-01 1.07456368e-01 1.01011537e-01 9.46474232e-02
  8.83799350e-02 8.22247374e-02 7.61972153e-02 7.03124342e-02
  6.45851032e-02 5.90295374e-02 5.36596231e-02 4.84887821e-02
  4.35299389e-02 3.87954879e-02 3.42972629e-02 3.00465070e-02]
 [1.56184904e-04 6.30856939e-04 1.48383940e-03 2.73587893e-03
  4.39242556e-03 6.45255611e-03 8.91232781e-03 1.17660449e-02
  1.50067444e-02 1.86263897e-02 2.26159575e-02 2.69654848e-02
  3.16641036e-02 3.67000709e-02 4.20608000e-02 4.77328919e-02
  5.37021695e-02 5.99537127e-02 6.64718959e-02 7.32404271e-02
  8.02423884e-02 8.74602786e-02 9.48760568e-02 1.02471187e-01
  1.10226686e-01 1.18123169e-01 1.26140898e-01 1.34259834e-01
  1.42459684e-01 1.50719951e-01 1.59019990e-01 1.67339055e-01
  1.75656353e-01 1.83951094e-01 1.92202546e-01 2.00390086e-01
  2.08493247e-01 2.16491777e-01 2.24365683e-01 2.32095286e-01
  2.39661263e-01 2.47044706e-01 2.54227158e-01 2.61190669e-01
  2.67917831e-01 2.74391832e-01 2.80596489e-01 2.86516294e-01
  2.92136450e-01 2.97442911e-01 3.02422412e-01 3.07062508e-01
  3.11351600e-01 3.15278969e-01 3.18834798e-01 3.22010199e-01
  3.24797235e-01 3.27188940e-01 3.29179336e-01 3.30763449e-01
  3.31937318e-01 3.32698010e-01 3.33043623e-01 3.32973294e-01
  3.32487198e-01 3.31586550e-01 3.30273601e-01 3.28551634e-01
  3.26424952e-01 3.23898870e-01 3.20979703e-01 3.17674747e-01
  3.13992263e-01 3.09941454e-01 3.05532447e-01 3.00776260e-01
  2.95684783e-01 2.90270740e-01 2.84547665e-01 2.78529863e-01
  2.72232373e-01 2.65670938e-01 2.58861956e-01 2.51822448e-01
  2.44570008e-01 2.37122763e-01 2.29499328e-01 2.21718757e-01
  2.13800498e-01 2.05764342e-01 1.97630375e-01 1.89418929e-01
  1.81150526e-01 1.72845835e-01 1.64525613e-01 1.56210655e-01
  1.47921745e-01 1.39679601e-01 1.31504823e-01 1.23417845e-01
  1.15438880e-01 1.07587871e-01 9.98844408e-02 9.23478450e-02
  8.49969208e-02 7.78500415e-02 7.09250708e-02 6.42393175e-02
  5.78094924e-02 5.16516667e-02 4.57812318e-02 4.02128608e-02
  3.49604717e-02 3.00371926e-02 2.54553293e-02 2.12263340e-02
  1.73607770e-02 1.38683202e-02 1.07576929e-02 8.03667000e-03
  5.71205271e-03 3.78965135e-03 2.27427090e-03 1.16969904e-03
  4.78696617e-04 2.02990780e-04 3.43270649e-04 8.99185597e-04
  1.86934613e-03 3.25132734e-03 5.04167501e-03 7.23591419e-03
  9.82856044e-03 1.28131335e-02 1.61821734e-02 1.99272595e-02
  2.40390308e-02 2.85072101e-02 3.33206294e-02 3.84672575e-02
  4.39342306e-02 4.97078840e-02 5.57737867e-02 6.21167771e-02
  6.87210009e-02 7.55699512e-02 8.26465089e-02 8.99329866e-02
  9.74111716e-02 1.05062373e-01 1.12867465e-01 1.20806941e-01
  1.28860956e-01 1.37009378e-01 1.45231842e-01 1.53507794e-01
  1.61816550e-01 1.70137342e-01 1.78449373e-01 1.86731866e-01
  1.94964119e-01 2.03125557e-01 2.11195780e-01 2.19154617e-01
  2.26982174e-01 2.34658887e-01 2.42165568e-01 2.49483454e-01
  2.56594255e-01 2.63480197e-01 2.70124069e-01 2.76509264e-01
  2.82619823e-01 2.88440473e-01 2.93956665e-01 2.99154611e-01
  3.04021320e-01 3.08544627e-01 3.12713226e-01 3.16516698e-01
  3.19945536e-01 3.22991170e-01 3.25645987e-01 3.27903352e-01
  3.29757623e-01 3.31204164e-01 3.32239361e-01 3.32860625e-01
  3.33066404e-01 3.32856183e-01 3.32230489e-01 3.31190884e-01
  3.29739968e-01 3.27881366e-01 3.25619725e-01 3.22960698e-01
  3.19910930e-01 3.16478044e-01 3.12670621e-01 3.08498177e-01
  3.03971142e-01 2.99100830e-01 2.93899415e-01 2.88379898e-01
  2.82556074e-01 2.76442500e-01 2.70054457e-01 2.63407912e-01
  2.56519477e-01 2.49406370e-01 2.42086370e-01 2.34577773e-01
  2.26899347e-01 2.19070284e-01 2.11110152e-01 2.03038848e-01
  1.94876546e-01 1.86643647e-01 1.78360729e-01 1.70048495e-01
  1.61727722e-01 1.53419207e-01 1.45143716e-01 1.36921935e-01
  1.28774414e-01 1.20721516e-01 1.12783371e-01 1.04979819e-01
  9.73303658e-02 8.98541300e-02 8.25697987e-02 7.54955791e-02
  6.86491529e-02 6.20476326e-02 5.57075187e-02 4.96446580e-02
  4.38742047e-02 3.84105817e-02 3.32674454e-02 2.84576509e-02]]","[[5.15453810e-08 2.57013833e-07 7.17713979e-07 ... 8.42401670e-02
  8.35394660e-02 8.28404109e-02]
 [4.87726246e-07 2.39129244e-06 6.57160494e-06 ... 3.34433702e-02
  3.25829704e-02 3.17326455e-02]
 [1.56108509e-06 7.42118724e-06 1.98214844e-05 ... 3.22930671e-02
  3.13173366e-02 3.03551408e-02]]","[[6.45435732e-09 3.22272082e-08 9.01158382e-08 ... 8.37150638e-02
  8.33651182e-02 8.30155885e-02]
 [6.17258170e-08 3.05588814e-07 8.47563935e-07 ... 3.27976481e-02
  3.23699589e-02 3.19447937e-02]
 [2.01561660e-07 9.82007594e-07 2.68273850e-06 ... 3.15606196e-02
  3.10761289e-02 3.05950280e-02]]"
